{"cameraMode":{"drawMode":0,"name":"Shaded","section":"Shading Mode"},"sceneLighting":false,"audioPlay":false,"sceneViewState":{"showFog":true,"showMaterialUpdate":false,"showSkybox":false,"showFlares":true,"showImageEffects":true,"showParticleSystems":true},"in2DMode":false,"pivot":{"x":0.0,"y":0.12391722202301026,"z":-0.1769239902496338},"rotation":{"x":-0.042367495596408847,"y":0.9513847231864929,"z":-0.152558371424675,"w":-0.264213889837265},"size":2.8700952529907228,"orthographic":false}