{"cameraMode":{"drawMode":0,"name":"Shaded","section":"Shading Mode"},"sceneLighting":false,"audioPlay":false,"sceneViewState":{"showFog":true,"showMaterialUpdate":false,"showSkybox":false,"showFlares":true,"showImageEffects":true,"showParticleSystems":true},"in2DMode":false,"pivot":{"x":0.0,"y":0.2478344440460205,"z":-0.35384804010391238},"rotation":{"x":-0.1602352261543274,"y":0.7916767001152039,"z":-0.23452366888523103,"w":-0.5409048795700073},"size":5.740190505981445,"orthographic":false}